build_id,status
323763352,passed
324050043,passed
324050350,passed
324056765,passed
324083740,passed
324106784,passed
324183131,passed
324560525,passed
324582441,passed
324596595,passed
324600212,passed
324985402,passed
325008681,passed
325018801,passed
325032875,passed
325037523,passed
325058696,passed
325425649,passed
325768811,passed
326031097,passed
326257370,passed
326281287,passed
326301072,passed
326279307,passed
326342463,passed
326453034,passed
326757997,passed
326762025,passed
326760853,passed
326793285,passed
326798038,passed
326873006,passed
326072074,failed
327166303,passed
327176821,passed
327210051,passed
327218449,passed
327227017,passed
327027341,failed
327246397,failed
327267470,passed
327565544,passed
327566778,passed
327582448,passed
327589925,passed
327595494,passed
327602176,passed
327605707,passed
327633430,passed
327664485,passed
327671936,passed
327771980,passed
327775186,passed
327844373,failed
328011235,passed
328016993,passed
328017746,passed
328021270,passed
328059572,passed
328096904,passed
328131273,passed
328148407,passed
328163380,passed
328163686,passed
328442554,passed
328704239,passed
328940785,passed
328942542,passed
328944159,passed
328950448,passed
328950796,passed
328966394,passed
328967820,passed
328974078,passed
329000865,passed
329030499,passed
329051228,passed
329053782,passed
329078918,passed
329117639,passed
329125389,passed
329157003,passed
329159257,passed
329389916,passed
329397966,passed
329446665,passed
329474243,passed
329491475,passed
329495656,passed
329500011,failed
329511479,passed
329520240,passed
329547579,passed
329560428,passed
329568726,passed
329568922,passed
329765132,passed
329784131,passed
329818528,passed
329852166,passed
329873783,passed
329912179,passed
329922793,passed
330002692,passed
330304006,passed
330338491,passed
330718823,passed
330791380,passed
331178051,passed
331409450,passed
331443912,passed
331722232,passed
331790164,passed
331833360,passed
331839175,passed
331842401,passed
331878570,passed
331911826,passed
332016590,failed
332022778,passed
332028380,passed
332189850,passed
332211411,passed
332222742,passed
332230757,passed
332278933,passed
332300161,passed
332318687,passed
332330326,passed
332342992,passed
332353344,passed
332358331,passed
332391540,passed
332401346,passed
332709515,passed
332768371,passed
332774291,passed
332782532,passed
332904744,passed
333208581,passed
333214374,passed
333247005,passed
333298984,passed
333306237,passed
333612982,passed
333702630,passed
333715777,passed
333718350,passed
333724256,passed
333756345,passed
333763454,passed
333773891,passed
333798624,passed
333800569,passed
333818320,passed
334086720,passed
334352157,passed
334602586,passed
334628344,passed
334653064,passed
334682943,passed
334774029,passed
335070125,passed
335135697,passed
335207218,passed
335302366,passed
335303102,passed
335305376,passed
335506699,passed
335512362,passed
335604506,passed
335690841,passed
335709000,passed
336080308,passed
336490592,passed
336502598,passed
336538280,passed
336625030,passed
336924195,passed
337168415,passed
337193981,passed
337470191,passed
337491239,passed
337496575,passed
337531666,passed
337545393,passed
337557657,passed
337579474,passed
337946894,passed
337993418,passed
338391090,passed
338410189,passed
338426618,passed
338426812,passed
338439252,passed
338483088,passed
338487240,passed
338491330,passed
338501365,passed
338518077,passed
338961530,passed
339374278,passed
339440255,passed
339518487,passed
339682936,passed
339697054,passed
339830842,passed
340118458,passed
340385938,passed
340402388,passed
340417812,passed
340423299,passed
340431049,passed
340470080,passed
340570484,passed
340862506,passed
340864401,passed
340865271,passed
340865668,passed
340883771,passed
340884739,passed
340894625,passed
340932853,passed
340940004,passed
340942346,passed
340951197,passed
340954057,passed
341000730,passed
341336140,passed
341373402,passed
341418811,passed
341439682,passed
341456448,passed
341462722,passed
341476382,passed
341481810,passed
341487494,passed
341497709,failed
341499592,passed
341507611,passed
341507809,passed
341509873,passed
341535424,passed
341776300,passed
341791759,passed
341871103,passed
341871601,passed
341935344,passed
341953785,passed
341961328,passed
342231941,passed
342232103,failed
342241549,passed
342326869,passed
342729168,passed
342999522,passed
343349466,passed
343769827,passed
343813615,passed
343822051,passed
344305177,passed
344778991,passed
345238087,passed
345634945,passed
345915394,passed
346269524,passed
346761666,passed
347259126,passed
347751736,passed
348223296,passed
348290291,passed
348292462,passed
348628928,passed
348915567,passed
349224992,passed
349228508,passed
349279739,passed
349283568,passed
349311145,passed
349318011,passed
349318684,passed
349326976,passed
349365767,passed
349393106,passed
349764147,passed
349794111,passed
349803578,passed
349818961,passed
349871293,passed
349875865,passed
349916281,passed
350219860,passed
350226683,passed
350263685,passed
350307514,passed
350309265,passed
350315699,passed
350368234,passed
350368686,passed
350410830,passed
350428645,passed
350732963,passed
350734906,passed
350767536,passed
350807615,passed
350813417,passed
350891929,passed
351293487,passed
351338318,passed
351348684,passed
351399953,passed
351400290,passed
351688643,passed
351710467,passed
351966632,passed
352228039,passed
352233809,passed
352242707,passed
352249994,passed
352303269,passed
352323190,passed
352323923,passed
352828922,passed
352869831,failed
352888281,passed
353237155,passed
353294819,passed
353322926,passed
353323737,passed
353339531,passed
353359848,passed
353376660,passed
353749350,passed
353754400,failed
353764298,passed
353828323,passed
353772725,passed
353816616,passed
353861297,passed
353872387,passed
353903882,passed
353912501,passed
353934850,passed
354223140,passed
354226776,passed
354232174,passed
354233874,passed
354240376,passed
354244757,passed
354250445,passed
354274304,passed
354308579,passed
354308878,passed
354317310,passed
354318109,passed
354325630,passed
354327832,passed
354332948,passed
354362184,passed
354374887,passed
354714612,passed
354997378,passed
355351207,passed
355441015,passed
355844721,passed
355863420,passed
356266703,passed
356341204,passed
356355217,passed
356361749,passed
356416225,passed
356417986,passed
356436709,passed
356867697,passed
356872041,passed
356898126,passed
356912752,passed
356926137,passed
356932068,passed
356932978,passed
356937915,passed
356970171,passed
356981145,passed
357370343,passed
357384578,passed
357407111,passed
357422018,passed
357429071,passed
357454820,passed
357476215,passed
357483521,passed
357484739,passed
357493623,passed
357772433,passed
358049147,passed
358277224,passed
358283179,passed
358298061,passed
358378883,passed
358382355,passed
358385549,passed
358389396,passed
358398626,passed
358399998,passed
358412199,passed
358412483,passed
358447272,passed
358448775,passed
358467829,passed
358487528,passed
358782521,passed
358785373,passed
358795654,passed
358858257,passed
358862167,passed
358864337,passed
358881168,passed
358888295,passed
358897639,passed
358898691,passed
358899008,passed
358929803,passed
358931789,passed
358935418,passed
359238019,passed
359271338,passed
359313405,passed
359326809,passed
359337204,passed
359344922,passed
359363308,passed
359363445,passed
359371510,passed
359381812,passed
359395084,passed
359418954,passed
359428713,passed
359430283,passed
359454142,passed
359719062,passed
359726300,passed
359726507,passed
359728158,passed
359728381,passed
359732384,passed
359737719,passed
359752988,passed
359755402,failed
359756534,passed
359757106,passed
359758136,passed
359759819,passed
359765343,passed
359771280,passed
359828107,passed
359832342,passed
359839257,passed
359836630,passed
359847615,passed
359881971,passed
359891485,passed
359917452,passed
359921432,passed
359925983,passed
360266092,passed
360355456,passed
360612085,passed
360869895,passed
361175187,passed
361506883,passed
361509092,passed
361509540,passed
361511897,passed
361519796,passed
361530542,passed
361554130,passed
361594399,passed
361600275,passed
361633191,passed
361634707,passed
361635229,passed
361636033,passed
361636531,passed
361644140,passed
361670337,passed
361685798,passed
362002241,passed
362016014,passed
362018170,passed
362019701,passed
362023168,passed
362120567,passed
362125633,passed
362133474,passed
362185242,passed
362186728,passed
362510406,failed
362514293,passed
362624202,passed
362668197,passed
362674226,passed
362675358,passed
362680226,passed
362985714,passed
362989860,passed
362995061,passed
363004336,passed
363004660,passed
363060500,passed
363105772,passed
363106272,passed
363148321,passed
363489958,passed
363762946,passed
363987741,passed
363988856,passed
363998923,passed
364024587,passed
364026185,passed
364031583,passed
364036247,passed
364039695,passed
364040476,passed
364046803,passed
364075004,passed
364087612,passed
364098648,passed
364103608,passed
364112923,passed
364128806,passed
364129188,passed
364154163,passed
364462705,passed
364487523,passed
364527528,passed
364531810,passed
364533859,passed
364568341,passed
364570654,passed
364586813,passed
364603863,passed
364605643,passed
364608689,passed
364612678,passed
364622063,passed
364623196,passed
364662716,passed
364686757,passed
364687247,passed
365012018,passed
365012630,passed
365021768,passed
365024047,passed
365116986,passed
365144914,passed
365151076,passed
365171451,passed
365214786,passed
365215099,passed
365216930,passed
365217201,passed
365478975,passed
365481665,passed
365485909,passed
365491529,passed
365531239,passed
365537136,passed
365579714,passed
365610019,passed
365626380,passed
365627562,passed
365634699,passed
365641866,passed
365649179,passed
365661062,passed
365677673,passed
365688145,passed
365690344,passed
365696167,passed
365698247,passed
365704369,passed
365968150,passed
365971962,passed
365978410,passed
365982473,passed
365983569,passed
365995804,passed
366020997,passed
366043141,passed
366092757,passed
366093169,passed
366108493,passed
366132832,passed
366490629,passed
366783389,passed
367058458,passed
367155408,passed
367653896,passed
368112142,passed
368132325,passed
368140565,passed
368150484,passed
368649300,passed
369136042,passed
369495138,passed
369747714,passed
370097628,passed
370576136,passed
371066084,passed
371562925,passed
371631539,passed
372008966,passed
372035584,passed
372062219,passed
372413107,passed
372683342,passed
372722827,passed
372900140,passed
373037103,passed
373044775,passed
373056083,passed
373056032,passed
373063640,passed
373469002,passed
373851361,passed
373895284,passed
373935721,passed
374420077,passed
374808397,passed
374891959,passed
375257489,passed
375258237,passed
375271785,passed
375538203,passed
375817508,passed
375821275,passed
375847637,passed
375852270,passed
375897094,passed
376296039,passed
376371468,passed
376386865,passed
376399670,passed
376429395,passed
376701706,passed
376792458,failed
376794186,passed
376799053,passed
376803166,passed
376807374,passed
376808315,passed
376812375,passed
376816906,passed
376837859,passed
376838718,passed
376851436,passed
376854249,passed
376855936,passed
376894098,passed
376896383,passed
377283833,passed
377691002,passed
377705544,passed
377711210,passed
377726683,passed
377730123,passed
377736821,passed
377745451,passed
377763188,passed
377778273,passed
377790876,passed
378095601,passed
378364923,passed
378613391,passed
378621025,passed
378648922,passed
378679266,passed
378680455,passed
378681044,passed
378684446,passed
378688199,failed
378690742,passed
378691514,passed
378697049,passed
378697801,passed
378703049,passed
378712491,passed
378727580,passed
378798962,passed
379072215,passed
379134737,passed
379141695,passed
379180371,passed
379182906,passed
379216192,passed
379221861,passed
379222088,passed
379227397,passed
379228129,passed
379239717,passed
379261144,passed
379270712,passed
379273022,passed
379276528,passed
379608436,passed
379620510,passed
379624332,passed
379632001,passed
379701708,passed
379724581,passed
379734881,passed
379743849,passed
380091401,passed
380107061,passed
380108326,passed
380217893,passed
380656015,passed
380672796,passed
380687982,passed
380700083,passed
380729326,passed
380746217,passed
380752247,passed
380769027,failed
381074479,passed
381326148,passed
381681374,passed
382007943,passed
382028739,passed
382036358,passed
382036471,passed
382043765,passed
382045198,passed
382054519,passed
382054784,failed
382055031,passed
382057470,passed
382058892,passed
382065673,passed
382068580,passed
382069043,passed
382097779,passed
382100541,passed
382100764,passed
382111828,passed
382114369,passed
382134795,passed
382135559,passed
382136830,passed
382137650,passed
382167746,passed
382168810,passed
382170857,passed
382177759,failed
382179513,passed
382187918,passed
382196677,passed
382233208,failed
382238958,passed
382295560,failed
382304690,passed
382538830,passed
382543561,passed
382577474,passed
382587179,passed
382637847,passed
382649269,passed
382677964,passed
382682917,passed
382694332,passed
382701896,passed
382719980,passed
382726947,passed
382743802,passed
382745914,passed
382771817,passed
383040071,passed
383043074,passed
383051118,passed
383070165,passed
383090166,passed
383103131,passed
383104707,passed
383104900,passed
383114987,passed
383181187,passed
383195056,passed
383195643,passed
383197704,passed
383201351,passed
383203573,passed
383212330,passed
383235620,passed
383252507,passed
383266021,passed
383271370,passed
383271975,passed
383278953,passed
383279798,passed
383288707,passed
383553113,passed
383554534,passed
383579717,passed
383595292,passed
383598266,passed
383603002,passed
383620809,passed
383662163,passed
383665564,passed
383676294,passed
383680364,passed
383711459,passed
383713092,passed
383717283,passed
383724418,passed
383726929,passed
383728665,passed
383739142,passed
383742086,passed
383745027,passed
383749882,passed
383751652,passed
383751904,passed
383754598,passed
383758310,passed
383764732,passed
383768059,passed
383768198,failed
383773324,passed
384054795,passed
384094472,passed
384373558,passed
384604681,passed
384613084,passed
384622406,passed
384636318,passed
384643421,passed
384643895,passed
384645680,passed
384646142,passed
384659051,passed
384666568,passed
384673301,passed
384708844,passed
384752434,passed
385210218,passed
385683899,failed
385697399,passed
385697530,passed
385701785,passed
385747172,passed
386070060,passed
386083584,passed
386155828,passed
386189484,passed
386209144,passed
386241936,passed
386541378,passed
386653457,passed
386677033,passed
387104008,passed
387406758,passed
387799149,passed
388296598,passed
388780607,passed
389259431,passed
389723571,passed
389737454,passed
389750256,passed
389760388,passed
389800253,passed
390056409,passed
390122102,passed
390400428,passed
390628338,passed
390639442,errored
390640558,passed
390654045,passed
390677917,passed
390690855,passed
390692695,passed
390731607,passed
390746412,passed
390748071,passed
390783783,passed
390792447,passed
390818272,passed
390831799,passed
390831929,passed
390833367,passed
390836335,passed
390845747,passed
391122122,passed
391173453,passed
391174762,passed
391190278,passed
391194924,passed
391206851,passed
391210100,passed
391211618,passed
391213055,passed
391216132,passed
391237139,passed
391268352,passed
391270646,passed
391276553,passed
391280935,passed
391282771,passed
391285188,passed
391292732,passed
391305149,passed
391315936,passed
391316710,passed
391317083,passed
391329663,passed
391346218,passed
391348979,passed
391368110,passed
391371718,passed
391615455,passed
391651429,passed
391654697,passed
391657071,passed
391669050,passed
391673671,passed
391678548,failed
391682996,failed
391683216,passed
391701610,passed
391769509,passed
391796928,passed
391820301,passed
391828631,passed
392108176,passed
392133150,passed
392218760,passed
392228973,passed
392241814,passed
392263242,passed
392267035,passed
392268177,passed
392598424,passed
392607765,passed
392676213,passed
392684630,passed
392691991,passed
392698232,passed
392704491,passed
392704960,passed
392711514,passed
392727888,passed
393071406,passed
393309549,passed
393548695,passed
393599864,passed
393600469,passed
393648491,passed
393702760,passed
393982692,passed
393997140,passed
394007705,passed
394011553,passed
394070687,passed
394066378,passed
394088312,passed
394120070,passed
394176512,passed
394176672,failed
394182139,passed
394184447,passed
394427342,passed
394431255,passed
394437766,passed
394452757,passed
394479594,failed
394480260,failed
394486822,passed
394530471,passed
394568614,passed
394576373,passed
394620071,passed
394620077,passed
394621265,failed
394626141,passed
394627865,passed
394638699,failed
394883232,passed
394906981,passed
394909167,passed
394925922,passed
394932140,passed
394935026,passed
394976631,passed
394980554,passed
394996369,passed
395000405,passed
395013337,failed
395017700,passed
395023043,passed
395035258,passed
395042924,passed
395044430,passed
395072465,passed
395073903,passed
395092713,passed
395095343,passed
395098037,passed
395346271,passed
395354045,passed
395454093,passed
395480441,passed
395833702,passed
396075226,passed
396271143,passed
396288124,passed
396322638,passed
396322808,passed
396322874,passed
396415965,passed
396749635,passed
396768522,passed
396805161,passed
396811217,passed
396843728,passed
396851369,passed
396872976,passed
396883386,passed
396884546,passed
396886836,passed
396889545,passed
396899210,passed
396900012,passed
396900684,passed
396915671,passed
396916863,passed
396918557,passed
396924890,passed
396925281,passed
396926622,passed
396942877,passed
396951988,passed
396957021,passed
396958863,passed
396971440,passed
396980330,passed
397030669,passed
397218773,passed
397225470,passed
397229258,passed
397231596,passed
397234365,passed
397242290,passed
397258512,passed
397317143,passed
397368243,passed
397716175,passed
397730075,passed
397817070,passed
398263933,passed
398591072,passed
398815605,passed
399094309,failed
399099231,passed
399146365,passed
399590262,passed
399600272,passed
399607334,passed
399607990,passed
399615724,passed
399630742,passed
399646463,passed
399703728,passed
399873881,passed
399908744,passed
399912237,passed
399943435,passed
400002389,passed
400030243,passed
400036385,passed
400039495,failed
400050793,passed
400059283,passed
400091690,passed
400094879,failed
400100345,passed
400277146,passed
400324933,passed
400418114,passed
400420512,passed
400437826,passed
400443326,passed
400456647,passed
400558375,passed
400779470,passed
400785520,passed
400790751,passed
400865947,passed
400902427,passed
401187093,passed
401224125,passed
401447252,passed
401650761,passed
401654036,passed
401655308,passed
401677515,passed
401697241,passed
401702649,passed
401718674,passed
401719880,passed
401730636,passed
401740204,passed
401768889,passed
401777474,passed
401778929,passed
401783784,passed
401829792,passed
401835844,passed
401844924,passed
401854465,passed
401864172,passed
401865737,failed
401866583,passed
401869076,passed
401877677,passed
401879242,passed
401886485,passed
401886633,passed
401892689,passed
402063712,passed
402091492,passed
402099112,passed
402105394,passed
402107390,passed
402129757,passed
402132580,passed
402140406,passed
402157119,passed
402157504,passed
402161517,passed
402200178,passed
402201172,passed
402220346,passed
402232665,passed
402239730,passed
402274521,passed
402321108,passed
402526863,passed
402531089,passed
402560264,passed
402683656,passed
402724394,passed
402733436,passed
402977973,passed
403124468,passed
403136662,passed
403160247,passed
403166710,passed
403195530,passed
403198976,passed
403259155,passed
403278485,passed
403444518,passed
403449905,passed
403451866,passed
403521987,passed
403534287,passed
403544347,passed
403569621,passed
403573504,passed
403577885,passed
403600839,passed
403617627,passed
403624478,passed
403910366,passed
404138010,passed
404305814,passed
404307619,passed
404312043,passed
404317050,passed
404352666,passed
404370010,passed
404372978,passed
404453458,passed
404463597,passed
404469244,passed
404792638,passed
404795950,passed
404822160,failed
404826952,passed
404885056,passed
404906727,passed
404921193,passed
404939282,passed
404939721,passed
404942890,passed
404946185,passed
405250520,passed
405293647,failed
405308906,passed
405364185,passed
405365572,passed
405375493,passed
405389009,passed
405405069,passed
405422229,passed
405467937,passed
405706182,passed
405715704,passed
405736609,passed
405740786,passed
405774920,passed
405777317,passed
405785922,passed
405796817,passed
405801356,passed
405817731,passed
405829752,passed
405849099,passed
406263762,passed
406268715,passed
406269663,passed
406279872,passed
406291505,passed
406601513,passed
406831202,passed
407165655,passed
407171527,passed
407180286,passed
407212641,passed
407632399,passed
408084210,passed
408382080,passed
408450805,passed
408522596,passed
408531484,passed
408965039,passed
409293983,passed
409535011,passed
406300512,passed
409828544,passed
409829090,passed
409872437,passed
410210335,passed
410209166,passed
410222783,passed
410227951,passed
410253845,passed
410292237,passed
410315690,passed
410349872,passed
410834093,passed
411309996,passed
411765946,passed
412094064,passed
412329294,passed
412670764,passed
413122576,passed
413143503,passed
413163118,passed
413443457,passed
413457524,passed
413470688,passed
413492774,passed
413498888,passed
413500160,passed
413555448,passed
413557813,passed
413564789,passed
413558268,passed
413579251,passed
413582690,passed
413608633,passed
413616053,passed
413627822,passed
413634131,passed
413635925,passed
413646627,passed
413650847,passed
413663875,passed
413914241,passed
413914994,passed
413918102,passed
413927657,passed
413932091,passed
413942792,passed
413959065,passed
413966103,passed
413967872,passed
413971106,passed
413973198,failed
414013350,passed
414036495,passed
414044757,failed
414045037,failed
414049063,passed
414049430,passed
414052987,passed
414054532,failed
414047400,failed
414066401,passed
414066730,passed
414075246,passed
414086723,passed
414090942,passed
414095771,passed
414097861,passed
414110366,passed
414112280,passed
414123963,passed
414392577,passed
414403157,passed
414409036,passed
414419570,passed
414443950,failed
414444438,failed
414469025,passed
414479273,passed
414481958,passed
414485356,passed
414492964,passed
414499609,passed
414534973,failed
414536976,failed
414539264,passed
414541122,passed
414544036,passed
414547561,passed
414589473,canceled
414590594,canceled
414590653,passed
414878815,passed
415117892,passed
415320084,passed
415338452,passed
415344296,passed
415371701,passed
415412359,passed
415418150,passed
415424283,passed
415428075,passed
415449162,passed
415468580,passed
415471953,passed
415474342,passed
415489812,passed
415501817,passed
415502114,failed
415502670,failed
415511908,passed
