build_id,status
330762039,failed
329572227,passed
330766047,passed
330767698,failed
330774295,passed
330782963,passed
330844012,passed
331478397,passed
332507077,passed
333725635,passed
334502975,passed
334676364,passed
335164237,passed
336227007,failed
342341453,failed
342342139,passed
345331235,passed
349276092,passed
361642099,errored
361642557,passed
361643580,passed
361667841,passed
361676316,passed
361822959,passed
386066829,passed
386251213,passed
393681323,passed
393689283,passed
395080608,passed
404340151,passed
404354212,failed
404374322,passed
404381578,passed
404420495,passed
405823893,passed
405878294,passed
405878742,passed
405974193,passed
405990945,passed
406259575,passed
