build_id,date,current_branch,last_commit_id
325090730,Thu Jan 04 15:50:36  2018,master,0534066a51676eb8a5a27a0981aab463a4818c71
326007959,Sun Jan 07 10:30:26  2018,master,56d5c5a330032d8df8104bbdd1502f70c0934c85
326009104,Sun Jan 07 10:36:23  2018,master,7c5b0accf65e5b40d7cfd44c6fa5984736e86aaa
328553998,Sat Jan 13 21:14:29  2018,master,bc823bad909777b652652da5c3d9287168a6c627
328554199,Sat Jan 13 21:15:26  2018,master,bc9f2ac06882454c39c0895132c52b38d520ea75
328557847,Sat Jan 13 21:29:34  2018,master,0829d98cbece7c90c5ff82f9015dcc7d3f0e8261
328560200,Sat Jan 13 21:39:21  2018,master,b397de7cf85b3f6f2f1cb2f5863b8f4d1a48689e
328565793,Sat Jan 13 21:58:51  2018,master,8d11809d56e90271a02fd43be3c42a14c8907a91
328571497,Sat Jan 13 22:20:50  2018,master,00282b6697f3e90efac5452b53ac3d0dac046024
328913140,Mon Jan 15 04:58:21  2018,master,8d201e4cd9002050292294f956c958c4b508ddb5
328914403,Mon Jan 15 05:10:22  2018,master,d5d3bf9701f0388b3bceff0581852dbbcd199ab7
330450298,Thu Jan 18 17:05:10  2018,master,f3e63bcfbd2681da3976137b2b0412ca546cfb18
330640541,Fri Jan 19 02:21:31  2018,master,19cd79ce66867cc50bad7d36488cbe73ca6fa715
331229992,Sat Jan 20 16:18:32  2018,master,2acc560a334b40536d9a32be47af880bc88ce58d
331267070,Sat Jan 20 18:51:02  2018,master,a71f7caed2ad482b6ad4c32d9579211546e5fe97
331922280,Mon Jan 22 17:42:31  2018,master,efdc1b5273c5ab8d65f57dbd943735a06d57c57e
333243944,Thu Jan 25 12:34:11  2018,master,9ff6ca8142f470ec4f42deb504534d1249b543a5
333245426,Thu Jan 25 12:39:25  2018,master,5d6c49e563a5ea643bee80f26c029b378f7f1db0
333261337,Thu Jan 25 13:24:54  2018,master,5aee232918dff8891561f5fc322a15f1c2509544
333315279,Thu Jan 25 15:31:14  2018,master,13c0ac2aa8f1876f232df23056e4ac6fb4ef0c2e
333348343,Thu Jan 25 16:39:50  2018,master,704b784720ae71ed10e55571680b8ba7f5e52fcc
333349242,Thu Jan 25 16:50:41  2018,master,bcc7877d056a7ad93587bbfb1a886bd1bfdf7d30
333357751,Thu Jan 25 17:00:41  2018,master,b0d9a6919f3b1e3ee9f23693ced563ee841b9737
335239177,Tue Jan 30 16:45:06  2018,master,3791a2e03ce653e72fa1f71825ed67a37c7c95f0
335242662,Tue Jan 30 16:54:54  2018,master,9bc725cb7f3e78fe635cae7ae43a1443072e2871
336395217,Fri Feb 02 03:10:40  2018,master,aadd2f1b4ccf165cd76f7c4869f0783fbf76ff5b
336594224,Fri Feb 02 15:10:03  2018,master,63c39b51f87a5f9b35c8a4212b66e27233c670ef
339467246,Fri Feb 09 14:02:26  2018,master,e9712ed31c45ad9cf7ce0e5e6076e4afbf86c5dc
341103525,Tue Feb 13 19:38:43  2018,master,d52335e34874080826cebf5fe363b62de754891d
341488770,Wed Feb 14 15:33:53  2018,master,8e0096d80803c67c57d667bbc83a9cd3a4caa216
342948479,Sun Feb 18 08:23:24  2018,master,dd1ee1c4b039c6186c018ef474e994450d5653a2
343483098,Mon Feb 19 18:01:14  2018,master,f6981d1c1c3f68aca17b6f84b9357d44274eab2b
347156628,Wed Feb 28 07:57:46  2018,master,10cd9c586c854756a1402a63858738f10722bceb
347224317,Wed Feb 28 11:23:27  2018,master,9643263a3dc5b48f1648f9a27f156b8ebd837022
347797415,Thu Mar 01 14:49:38  2018,master,51a0fdd8704ce53efa5f260f4e3d50537f3c6097
347828302,Thu Mar 01 15:55:11  2018,master,bcdc4012a9a2b1737a2c93706ddfebf5cc63781b
347935079,Thu Mar 01 19:57:28  2018,master,fab52fa0f13bb0d9511742c019fb17fe72f956fc
348283076,Fri Mar 02 15:54:26  2018,master,838d1a8205a5e4f0e7ce22956a716d29b21eac69
352616873,Tue Mar 13 00:24:50  2018,master,a89e5bc1bb49900e87c176a04d72416be3c6f52e
353448600,Wed Mar 14 17:28:30  2018,master,5c9930fecd796b027dfd039c224151f61f671ca2
355389354,Mon Mar 19 14:33:28  2018,master,2be06f5985ecf70107675005d23005f3da2bd0dc
356518557,Wed Mar 21 19:09:45  2018,master,5cbbaccf5f48d6efbd3045b7f55636f8193081a3
356547166,Wed Mar 21 20:15:55  2018,master,6c6c7285661b7b1a6bf46da7cbc8a0c7ef2df15b
358388747,Mon Mar 26 12:52:32  2018,master,ede73abacd14a8bee7d829d44c4ba6739edc34e8
359384590,Wed Mar 28 14:04:28  2018,master,6dc8e9b548c35d5a15a8805f7f504bb1bdce8acb
361298994,Mon Apr 02 18:39:04  2018,master,ab0ba2b357896bb5d36bc618ca29537afb655758
361655665,Tue Apr 03 14:05:16  2018,master,4b129fd7a1ba60ed975b2cad03557484bccd8adf
362340137,Wed Apr 04 21:05:30  2018,master,2fa56b22e1f3b16cac4cb6742b05cb937b551d49
365789036,Thu Apr 12 20:00:36  2018,master,80c41efec60fb3e5ef80fcd4c5879a746b743ac3
368267323,Wed Apr 18 17:48:34  2018,master,cfa2a7424ab100e82efaaef0f3bc706ea5b80567
368516361,Thu Apr 19 07:42:36  2018,master,60d18b24424839e2c0ca5fe7f2de59e6a7afe420
368533079,Thu Apr 19 08:30:58  2018,master,8c17419217361bc028cc4872e2618f8b0a94fed3
379418666,Tue May 15 20:59:31  2018,master,0f804ae371d6b97d6e0dbaa1fc7be8447c2eaac4
379425201,Tue May 15 21:15:11  2018,master,269bef61d362f45e4e03f33f936722360f8a8315
379435543,Tue May 15 21:38:34  2018,master,3f85a7a5452a88390434763866bf88eeb9b2ad36
381350061,Sun May 20 15:45:45  2018,master,4ca74268e104f62403ce969575dbf53d5576d133
381353379,Sun May 20 16:00:48  2018,master,70da1581f1023e21f073b2202c08ef53bf3858aa
381369813,Sun May 20 17:08:42  2018,master,8bb9e4f47f7ae711d0d33092cf3399cd41b83836
381374103,Sun May 20 17:27:37  2018,master,eec93dba13fa21ee240bb92d15f686ae23c897e8
381381832,Sun May 20 17:57:44  2018,master,424d1747d18f5d8d7c504082f43117f92f6a83fb
381403220,Sun May 20 19:26:25  2018,master,5b1dc681e7c68b3a941af65dca288c3985c0f9f0
381939698,Tue May 22 00:58:44  2018,master,dcebe04e550e207b08cc31af426a007549f6ec7f
381964356,Tue May 22 02:50:46  2018,master,925df5d5b6219c85ca5896b96b7ea085d039847a
381968346,Tue May 22 03:08:47  2018,master,fd030a2cb986302cf9499c8654b4efc8fa4c1b78
381968472,Tue May 22 03:19:14  2018,master,abe3e45d24ac7ed105ff189a12f05fe51b050125
382189772,Tue May 22 14:32:37  2018,master,462bf510588f89ec6f93d837ef4050401e2d03b7
382190878,Tue May 22 14:44:22  2018,master,867259727f7422278468950436589fbc639699e8
382198119,Tue May 22 20:23:46  2018,master,f1211d8b9030f1dde9b5ed12a80afd9e6ee6719b
382660268,Wed May 23 12:56:55  2018,master,e0a50745f1aa7fc7e7b1843042b01e4bd63c1ee1
384536789,Mon May 28 00:49:21  2018,master,db38113cbc202b07c05cd7663e0bf7100e68f426
384794846,Mon May 28 15:30:51  2018,master,79578589c1c12713e47aff4e885780c13b4008db
384797235,Mon May 28 15:40:33  2018,master,84ee898b7ee43fa52bd25d35cfccb94e3ec7fc28
384799529,Mon May 28 15:50:11  2018,master,dbae73f6819bb05175566c46f56e6f60f9254823
385410739,Tue May 29 21:43:05  2018,master,ee6c75239b99a34e8c73be27f0c6eae922b071d8
385899715,Wed May 30 21:19:33  2018,master,8baa6bbb8fb771c38a1fb10673fc24f1a0fb405c
386983262,Sat Jun 02 04:22:00  2018,master,086f8e94787b14d416a5eb488aa98aa4f9981257
386986011,Sat Jun 02 04:35:12  2018,master,b0027d6a9c3c16279bfe32d6cecf2355722b6367
386994121,Sat Jun 02 05:21:38  2018,master,9bf0105b0da61bf7a10f68a40e13e9371079ccf0
386990751,Sat Jun 02 05:31:20  2018,master,01fffb2187902e4b67deab9ec64aa3f4d16f85eb
386998226,Sat Jun 02 05:42:56  2018,master,1d3ff0aff838978dcc10e33065e27c706be58515
387001196,Sat Jun 02 05:56:09  2018,master,402586a20919caeaf97c59777aefd8a131f5931c
387092818,Sat Jun 02 13:04:55  2018,master,8a32b4c914b93cdf56a29a4a9845c64a3b6bb697
387093422,Sat Jun 02 13:14:59  2018,master,be9b2ff8ffbf62e8dfe9c2ee65bb729bcfa30a28
387106402,Sat Jun 02 14:03:04  2018,master,375fc905678ce4513cf18bad4756c62f39aa0da3
387107615,Sat Jun 02 14:13:09  2018,master,bb7a37ceac54947061e0e6b1a9e9ec79096d9172
387107727,Sat Jun 02 14:14:32  2018,master,8ffc6e0ab258c3edefc1a16a5d00997440b5f86d
387130496,Sat Jun 02 15:36:26  2018,master,dd30c6e510dea8fccf1ca5400149dbbaee61c5f8
387134490,Sat Jun 02 15:52:43  2018,master,4877a1ef86d08d43ce806a56bf94a43d7f115e09
387534995,Sun Jun 03 22:21:20  2018,master,6ff7e6db1895e22716b1391319f4b9bc42610aae
387536517,Sun Jun 03 22:31:08  2018,master,42aad48bd610a2b1b1cdef18acc3d83f379c474c
390397905,Sun Jun 10 13:45:03  2018,master,b73a84a2b4b09a2477a4b9bada175a067648c800
394712887,Wed Jun 20 19:39:50  2018,master,fc385218c4cb7c77d5f212aa89e7a69b1457dd31
395620671,Fri Jun 22 20:38:28  2018,master,b5341547f301e547f670313bd72bcb3f0c898c42
395644030,Fri Jun 22 21:28:15  2018,master,a532279d91653f6677fd5221361974161fa2be11
395869559,Sat Jun 23 16:36:05  2018,master,4bda25452ba4e6443c3487de2eda005461b38bc9
396185657,Sun Jun 24 22:40:01  2018,master,3bde4b4df18ded96cea25c27636fb1303def2c60
396191456,Sun Jun 24 23:05:23  2018,master,4bda25452ba4e6443c3487de2eda005461b38bc9
396192339,Sun Jun 24 23:29:30  2018,master,946cf8a395db89d85fe75dac6c99ad6fe2d7b1a9
396985970,Tue Jun 26 17:05:55  2018,master,ceee321a2bc10285e3169a825bc6da0d25bbfd6d
397395622,Wed Jun 27 15:07:53  2018,master,14b4464fb7acec25073c8c9c564136188f94562c
399203655,Mon Jul 02 16:15:52  2018,master,07425a773336baac5f8a2d979cd60fba39ba3086
399298228,Mon Jul 02 20:25:50  2018,master,78e800c95afa90d29c92c296552a0e919f3c672b
399302719,Mon Jul 02 20:35:19  2018,master,b6b1657fa1c625d285350acc5e0c4902eae09d8f
399303838,Mon Jul 02 20:38:59  2018,master,9c96b56ce13360bb0d32d7dc8d81b1474944b9d3
399305967,Mon Jul 02 20:43:37  2018,master,e75704ce77bbe99d9bddec6a8083eb89c6dbcb21
399309542,Mon Jul 02 20:52:02  2018,master,0b908ec8cf96b42dff07f623dd1d116207031ad8
399313311,Mon Jul 02 21:01:40  2018,master,a5cb40ed6907c6eb85332c24dfacc3bfe0885928
403169163,Thu Jul 12 15:22:53  2018,master,2c139dcc35e99a2556edac4b7d01f488bd248430
411988503,Sat Aug 04 02:39:34  2018,master,7d055e26a4b8fd4dbb7a1dad535da57f94a062d9
411988740,Sat Aug 04 02:49:10  2018,master,1fae8f7c28cd75b3317f839567ed6fbe0464c11e
